{
  "revenue_risk_assessment": {
    "risk_level": "HIGH",
    "coefficient_of_variation": 0.6133618022418271,
    "probability_decline": 0.0642,
    "expected_revenue_range": {
      "p10": 118379850730.85214,
      "median": 707577598457.8069,
      "p90": 1341063323369.1938
    }
  },
  "cash_risk_assessment": {
    "risk_level": "MEDIUM",
    "probability_negative_cash": 0.1185,
    "cash_range": {
      "p5": -91715735667.81071,
      "median": 112455121888.94423,
      "p95": 537009074821.1451
    }
  },
  "overall_assessment": {
    "primary_risk": "cash_liquidity"
  }
}